,retention_1,retention_2,retention_3
total_pop_change,0.15598976612091064,0.16357798874378204,0.17739005386829376
median_income_change,0.21057696640491486,0.21698278188705444,0.1990833580493927
median_home_val_change,0.20822036266326904,0.1922662854194641,0.2075071930885315
median_gross_rent_change,0.21049125492572784,0.22549811005592346,0.22092606127262115
edu_change,0.21472157537937164,0.20167486369609833,0.1950933039188385
