model,0,1
RF,0.014149274532674783,-0.010715742508637272
RF,0.1320022341195458,0.11539784212134273
RF,0.1418616324462365,0.12877490564928384
XGBoost,0.015088719995875244,-0.008903606917586071
XGBoost,0.13138402261590776,0.11621651033406877
XGBoost,0.14165654935282046,0.12966349361415963
